Дата поступления документов;Фамилия;Имя;Отчество;Направление;Дата рождения;Соответствует?;Дата передачи на оценку;Номер телефона (моб);Номер телефона 2;Номер телефона 3;Паспорт (серия, номер);Паспорт (кем и когда выдан);e-mail (1);e-mail (2);Образование (ВУЗ);Образование (наименование);Вид;Наличие диплома;2 Образование (ВУЗ);2 Образование (наименование);2 Вид;2 Наличие диплома;3 Образование (ВУЗ);3 Образование (наименование);3 Вид;3 Наличие диплома;Организация;Подразделение;Должность;Вид контракта;Дата назначения;Дата увольнения;Дополнительная информация;Вывод;Статус;Исполнитель;Work (орган);Work (должность);Work (дата запроса);Work (дата направления);Work (результат);Work (кто направил);2_Work (орган);2_Work (должность);2_Work (дата запроса);2_Work (Дата направления);2_Work (результат);2_Work (кто направил);3_Work (орган);3_Work (должность);3_Work (дата запроса);3_Work (дата направления);3_Work (результат);3_Work (кто направил);4_Work (орган);4_Work (должность);4_Work (дата запроса);4_Work (дата направления);4_Work (результат);4_Work (кто направил);Трудоустройство;Место рождения;Аттестация (обучение МКР);Место проживания (район);Готовность к работе;СНИЛС;Месяц (NEW);Пол;1 Диплом с отличием;2 Диплом с отличием;3 Диплом с отличием;Доп_инфо_МКР;Псих_испол_3;Дата поступления заключения;Скорость передачи на оценку;Дата заполнения;Д;О;РЯ_13/22;РасЧис_м3;УстЗак_м3;ЧисРяд_м3;ЛогВерб_м4;КейсТекст_м4;КейсЗад_м1;1_этап_25_40;Word_м10;Excell_м10;1_2_этапы_38_60;2_этап_13_20;Общий интеллект_m18;Цель оценки;Комментарии по трудоустройству;Откуда вы узнали о МКР?;Дата тестирования (1 этап);Вывод по тестированию (1 этап);Дата собеседования (2 этап);Вывод по собеседованию (2 этап);Особенности оценки;Информация о ранних подачах;Последняя прежняя фамилия;e-mail УПГО;Комментарии из заключения (особенности);Сфера интересов;Комментарии из заключения (рекомендованная деятельность);Комментарии из заключения (Не рекомендованная деятельность);Группа отправки (Контр_упр)
01.05.2025;Иванов;Николай;Сергеевич;;06.08.1994;False;;+7-949-665-94-18;;;7262 914974;"ОВД района Приморский; 2017-08-06";ниванов.1@example.com;ниванов.101@example.com;НГУ;Психология;специалитет;True;;;;;;;;;ООО «Альфа»;Отдел продаж;HR-специалист;трудовой договор;01.12.2021;03.11.2024;Рассматривает частичную занятость.;;Отказ;;;;;;;;;;;;;;ООО «ТехЛайн»;Юрист;;;;;;;;;;;;Пермь;;Ленинский;;068-793-675 00;;М;False;;;;;;;;;;;;;;;;;;;;;;;;Уточнить график.;HeadHunter;;;;;;Повторная заявка.;;;;Юридическая практика;;;
01.08.2025;Петров;Дарья;Андреевна;;16.03.1995;False;;+7-996-225-91-64;;;1782 510679;"ОВД района Центральный; 2018-08-16";дпетров.2@example.com;;НГУ;Государственное управление;бакалавриат;True;;;;;;;;;АО «ИнфоСистемы»;Отдел продаж;Юрист;срочный трудовой договор;11.05.2022;;Готов выйти в течение 2 недель.;;На рассмотрении;;АО «ИнфоСистемы»;Юрист;;;;;;;;;;;;;;;;;;;;;;;;Самара;;Кировский;;400-205-125 32;;Ж;False;;;;;;;;;;;;;;;;;;;;;;;;Интерес к карьерному росту.;HeadHunter;;;;;;Ранее подавал(а) в 2023.;;;;Маркетинг;;;
01.11.2025;Сидорова;Сергей;Владимирович;;27.10.1996;False;;+7-940-258-31-13;+7-973-768-29-28;+7-987-952-51-85;7379 331603;"ОВД района Южный; 2019-04-09";ссидорова.3@example.com;;МФТИ;Психология;магистратура;True;НГУ;Государственное управление;магистратура;True;;;;;АО «Север»;Служба поддержки;Юрист;ГПХ;17.02.2023;13.03.2024;Готов выйти в течение 2 недель.;;Отказ;;ООО «ТехЛайн»;Специалист;;;;;АО «Север»;Юрист;;;;;;;;;;;;;;;;;;Санкт-Петербург;;Приморский;;994-657-093 49;;М;False;True;;;;;;;;;;;;;;;;;;;;;;;Интерес к карьерному росту.;Яндекс.Поиcк;;;;;;Ранее подавал(а) в 2023.;Сидорова;ссидорова.203@example.com;;Проектный менеджмент;;;
14.01.2025;Кузнецова;Анна;Николаевна;;09.02.1997;False;;+7-923-198-55-59;+7-972-568-33-58;;3314 747546;"ОВД района Кировский; 2020-05-02";акузнецова.4@example.com;;МГУ;Экономика;специалитет;True;МГУ;Прикладная информатика;бакалавриат;False;;;;;ИП Соколов;Отдел аналитики;Специалист;ГПХ;27.03.2024;;Готов к переезду.;;Новый;;;;;;;;;;;;;;;;;;;;;;;;;;;Новосибирск;;Октябрьский;;539-150-346 18;;Ж;False;False;;;;;;;;;;;;;;;;;;;;;;;Интерес к карьерному росту.;Сайт компании;;;;;;Были собеседования в прошлом году.;;акузнецова.204@example.com;;Клиентский сервис;;;
17.01.2025;Смирнов;Николай;Сергеевич;;03.04.1998;True;;+7-924-795-27-36;;;4671 869972;"ОВД района Советский; 2021-07-10";нсмирнов.5@example.com;нсмирнов.105@example.com;КФУ;Психология;специалитет;True;;;;;;;;;ПАО «ГородБанк»;HR-служба;Специалист;трудовой договор;04.10.2021;28.01.2024;Ищет работу удалённо.;;В работе;;;;;;;;;;;;;;;;;;;;;;;;;;;Нижний Новгород;;Северный;;303-084-475 48;;М;False;;;;;;;;;;;;;;;;;;;;;;;;Ожидает обратную связь по офферу.;Telegram-канал;;;;;;Ранее подавал(а) в 2023.;;;;Маркетинг;;;
20.01.2025;Волкова;Мария;Сергеевна;;25.05.1999;False;;+7-969-855-76-96;+7-989-981-26-22;;7550 482825;"ОВД района Приморский; 2022-10-06";мволкова.6@example.com;мволкова.106@example.com;КФУ;Юриспруденция;бакалавриат;True;;;;;;;;;АО «Север»;Отдел продаж;HR-специалист;ГПХ;21.09.2022;;Готов выйти в течение 2 недель.;;Новый;;;;;;;;ООО «ТехЛайн»;Юрист;;;;;;;;;;;;;;;;;;Пермь;;Северный;;165-519-817 95;;Ж;False;;;;;;;;;;;;;;;;;;;;;;;;Ожидает обратную связь по офферу.;Карьерный центр;;;;;;Были собеседования в прошлом году.;Волковаа;;;Аналитика данных;;;
23.01.2025;Фёдоров;Дмитрий;Владимирович;;08.05.2000;True;;+7-974-191-54-79;;;2752 100039;"ОВД района Северный; 2023-08-03";дфeдоров.7@example.com;;МГУ;Прикладная информатика;бакалавриат;True;;;;;;;;;ПАО «ГородБанк»;Отдел продаж;Менеджер;ГПХ;16.12.2023;;;;Отказ;;ГБУ «Центр услуг»;Специалист;;;;;;;;;;;;;;;;;;;;;;;;Нижний Новгород;;Приморский;;252-566-869 56;;М;False;;;;;;;;;;;;;;;;;;;;;;;;Уточнить график.;ВКонтакте;;;;;;Повторная заявка.;;дфeдоров.207@example.com;;Документооборот;;;
26.01.2025;Морозова;Ольга;Петровна;;22.07.2001;True;;+7-928-758-53-70;+7-982-379-87-86;;7692 801815;"ОВД района Приморский; 2017-04-06";оморозова.8@example.com;;НИУ ВШЭ;Прикладная информатика;специалитет;True;;;;;;;;;ПАО «ГородБанк»;Юридический отдел;HR-специалист;трудовой договор;22.08.2024;15.05.2025;Ищет работу удалённо.;;Новый;;;;;;;;АО «Север»;Аналитик;;;;;;;;;;;;;;;;;;Екатеринбург;;Западный;;170-036-175 78;;Ж;True;;;;;;;;;;;;;;;;;;;;;;;;Нужна проверка документов.;Рекомендация знакомых;;;;;;Были собеседования в прошлом году.;;;;Маркетинг;;;
29.01.2025;Никитин;Павел;Дмитриевич;;09.10.2002;True;;+7-916-154-61-83;;;1200 466417;"ОВД района Южный; 2018-11-09";пникитин.9@example.com;;МГУ;Финансы и кредит;бакалавриат;True;;;;;;;;;ГБУ «Центр услуг»;Отдел аналитики;Инженер;ГПХ;05.07.2021;22.02.2024;;;В работе;;ООО «Альфа»;Инженер;;;;;ИП Соколов;Оператор;;;;;;;;;;;;;;;;;;Санкт-Петербург;;Восточный;;901-205-203 20;;М;False;;;;;;;;;;;;;;;;;;;;;;;;Интерес к карьерному росту.;Рекомендация знакомых;;;;;;;;пникитин.209@example.com;;Маркетинг;;;
02.01.2025;Орлова;Наталья;Владимировна;;11.07.2003;True;;+7-911-684-19-95;+7-944-838-76-74;;3023 658366;"ОВД района Приморский; 2019-06-05";норлова.10@example.com;;СПбГУ;Менеджмент;магистратура;True;;;;;;;;;АО «Север»;Финансовый отдел;Аналитик;срочный трудовой договор;03.06.2022;;Ищет работу удалённо.;;В работе;;АО «ИнфоСистемы»;Специалист;;;;;;;;;;;;;;;;;;;;;;;;Самара;;Западный;;507-697-590 85;;Ж;False;;;;;;;;;;;;;;;;;;;;;;;;Ожидает обратную связь по офферу.;Карьерный центр;;;;;;;Орловаа;;;Юридическая практика;;;
02-Май-2025;Соловьёв;Илья;Алексеевич;;14.01.2004;True;;+7-942-294-52-68;;;4031 836725;"ОВД района Южный; 2020-03-18";исоловьeв.11@example.com;;РАНХиГС;Финансы и кредит;магистратура;True;;;;;;;;;ООО «Альфа»;ИТ-отдел;Менеджер;трудовой договор;01.12.2023;05.03.2024;Готов к переезду.;;На рассмотрении;;;;;;;;ИП Соколов;Инженер;;;;;ООО «МаркетПро»;Юрист;;;;;;;;;;;;Краснодар;;Ленинский;;196-755-117 42;;М;False;;;;;;;;;;;;;;;;;;;;;;;;Интерес к карьерному росту.;Telegram-канал;;;;;;Были собеседования в прошлом году.;Соловьёв;исоловьeв.211@example.com;;Юридическая практика;;;
02.07.2025;Зайцева;Наталья;Олеговна;;26.07.2005;False;;+7-925-696-36-65;;;2978 197211;"ОВД района Южный; 2021-10-22";нзайцева.12@example.com;;СПбГУ;Маркетинг;магистратура;True;;;;;;;;;АО «Север»;HR-служба;Оператор;ГПХ;04.05.2024;;Рассматривает частичную занятость.;;Принят;;ООО «МаркетПро»;Оператор;;;;;;;;;;;;;;;;;;;;;;;;Екатеринбург;;Восточный;;144-046-554 68;;Ж;False;;;;;;;;;;;;;;;;;;;;;;;;Уточнить график.;Telegram-канал;;;;;;Были собеседования в прошлом году.;;;;Маркетинг;;;
02.10.2025;Громов;Сергей;Петрович;;28.05.1994;True;;+7-913-417-85-20;;;3103 998894;"ОВД района Центральный; 2022-12-27";сгромов.13@example.com;;РАНХиГС;Психология;бакалавриат;True;ИТМО;Математика;бакалавриат;True;;;;;ПАО «ГородБанк»;Юридический отдел;Менеджер;трудовой договор;22.01.2021;22.01.2024;Готов выйти в течение 2 недель.;;Новый;;ООО «ТехЛайн»;Специалист;;;;;ИП Соколов;Юрист;;;;;;;;;;;;;;;;;;Санкт-Петербург;;Западный;;127-916-603 53;;М;False;False;;;;;;;;;;;;;;;;;;;;;;;Уточнить график.;Telegram-канал;;;;;;Повторная заявка.;Громов;сгромов.213@example.com;;Проектный менеджмент;;;
13.02.2025;Беляева;Елена;Олеговна;;25.06.1995;False;;+7-932-238-67-26;+7-941-536-48-96;;3341 916326;"ОВД района Южный; 2023-08-13";ебеляева.14@example.com;;СПбГУ;Экономика;бакалавриат;True;;;;;;;;;ГБУ «Центр услуг»;Служба поддержки;Инженер;ГПХ;05.10.2022;;Ищет работу удалённо.;;На рассмотрении;;АО «Север»;HR-специалист;;;;;;;;;;;;;;;;;;;;;;;;Ростов-на-Дону;;Восточный;;278-287-251 17;;Ж;False;;;;;;;;;;;;;;;;;;;;;;;;;Рекомендация знакомых;;;;;;Повторная заявка.;Беляеваа;ебеляева.214@example.com;;Финансы;;;
16.02.2025;Ковалёв;Антон;Николаевич;;17.10.1996;False;;+7-974-380-45-53;;;8696 587144;"ОВД района Кировский; 2017-06-16";аковалeв.15@example.com;;ИТМО;Математика;специалитет;True;;;;;;;;;АО «ИнфоСистемы»;Отдел продаж;Инженер;трудовой договор;15.05.2023;;Ищет работу удалённо.;;Принят;;ООО «Альфа»;Аналитик;;;;;АО «Север»;Юрист;;;;;;;;;;;;;;;;;;Краснодар;;Октябрьский;;824-043-451 76;;М;False;;;;;;;;;;;;;;;;;;;;;;;;Уточнить график.;Рекомендация знакомых;;;;;;Повторная заявка.;Ковалёв;;;Финансы;;;
19.02.2025;Тарасова;Анна;Дмитриевна;;07.02.1997;False;;+7-910-658-58-39;;+7-980-235-52-88;8051 930693;"ОВД района Центральный; 2018-05-09";атарасова.16@example.com;;НИУ ВШЭ;Психология;магистратура;True;;;;;;;;;АО «ИнфоСистемы»;Юридический отдел;HR-специалист;ГПХ;16.08.2024;;Готов выйти в течение 2 недель.;;В работе;;;;;;;;;;;;;;;;;;;;;;;;;;;Новосибирск;;Центральный;;878-444-336 50;;Ж;False;;;;;;;;;;;;;;;;;;;;;;;;Ожидает обратную связь по офферу.;Рекомендация знакомых;;;;;;;Тарасоваа;атарасова.216@example.com;;Юридическая практика;;;
22.02.2025;Егоров;Артём;Михайлович;;12.12.1998;False;;+7-923-943-22-77;+7-996-511-80-31;;3794 290030;"ОВД района Октябрьский; 2019-04-17";аегоров.17@example.com;аегоров.117@example.com;ИТМО;Маркетинг;специалитет;True;;;;;;;;;ООО «ТехЛайн»;HR-служба;Инженер;ГПХ;20.04.2021;;Готов выйти в течение 2 недель.;;В работе;;;;;;;;ИП Соколов;Оператор;;;;;;;;;;;;;;;;;;Москва;;Восточный;;982-505-665 45;;М;False;;;;;;;;;;;;;;;;;;;;;;;;Ожидает обратную связь по офферу.;Рекомендация знакомых;;;;;;Повторная заявка.;Егоров;аегоров.217@example.com;;Проектный менеджмент;;;
25.02.2025;Павлова;Дарья;Николаевна;;13.04.1999;True;;+7-957-135-10-87;;;1431 589872;"ОВД района Октябрьский; 2020-09-04";дпавлова.18@example.com;дпавлова.118@example.com;СПбГУ;Менеджмент;бакалавриат;True;;;;;;;;;ПАО «ГородБанк»;Отдел аналитики;Менеджер;срочный трудовой договор;07.05.2022;05.05.2025;Рассматривает частичную занятость.;;Принят;;;;;;;;;;;;;;;;;;;;;;;;;;;Самара;;Ленинский;;667-882-260 84;;Ж;True;;;;;;;;;;;;;;;;;;;;;;;;Интерес к карьерному росту.;Карьерный центр;;;;;;Были собеседования в прошлом году.;;дпавлова.218@example.com;;Аналитика данных;;;
28.02.2025;Васильев;Антон;Сергеевич;;19.11.2000;False;;+7-910-700-58-56;+7-928-770-87-89;+7-962-906-38-18;4349 285252;"ОВД района Центральный; 2021-12-26";авасильев.19@example.com;;СФУ;Государственное управление;бакалавриат;True;;;;;;;;;АО «Север»;HR-служба;HR-специалист;ГПХ;16.05.2023;;Рассматривает частичную занятость.;;Новый;;ООО «МаркетПро»;HR-специалист;;;;;ООО «Альфа»;Юрист;;;;;ПАО «ГородБанк»;Специалист;;;;;;;;;;;;Ростов-на-Дону;;Ленинский;;970-699-072 58;;М;False;;;;;;;;;;;;;;;;;;;;;;;;Интерес к карьерному росту.;Карьерный центр;;;;;;;Васильев;авасильев.219@example.com;;Юридическая практика;;;
03.03.2025;Данилова;Наталья;Михайловна;;06.01.2001;True;;+7-974-733-69-82;;+7-949-939-88-71;7216 334159;"ОВД района Восточный; 2022-06-05";нданилова.20@example.com;;КФУ;Психология;бакалавриат;True;;;;;;;;;АО «ИнфоСистемы»;Отдел аналитики;Специалист;трудовой договор;04.09.2024;03.09.2025;Рассматривает частичную занятость.;;Новый;;ООО «ТехЛайн»;Специалист;;;;;;;;;;;ГБУ «Центр услуг»;Оператор;;;;;;;;;;;;Санкт-Петербург;;Восточный;;311-674-974 53;;Ж;True;;;;;;;;;;;;;;;;;;;;;;;;Интерес к карьерному росту.;Яндекс.Поиcк;;;;;;;;;;Клиентский сервис;;;
03.06.2025;Макаров;Евгений;Алексеевич;;04.04.2002;False;;+7-995-790-53-92;+7-941-708-28-27;;1711 965810;"ОВД района Советский; 2023-06-02";емакаров.21@example.com;емакаров.121@example.com;НГУ;Психология;магистратура;True;;;;;;;;;ГБУ «Центр услуг»;Финансовый отдел;Инженер;трудовой договор;09.10.2021;;Рассматривает частичную занятость.;;Новый;;ГБУ «Центр услуг»;Оператор;;;;;;;;;;;;;;;;;ИП Соколов;Аналитик;;;;;;Москва;;Ленинский;;179-236-369 45;;М;False;;;;;;;;;;;;;;;;;;;;;;;;Уточнить график.;ВКонтакте;;;;;;;;;;Маркетинг;;;
03.09.2025;Михайлова;Наталья;Олеговна;;28.10.2003;True;;+7-970-623-82-81;+7-998-229-34-77;;3966 980812;"ОВД района Кировский; 2017-12-24";нмихайлова.22@example.com;;СФУ;Маркетинг;специалитет;True;;;;;;;;;ООО «ТехЛайн»;HR-служба;Менеджер;трудовой договор;13.01.2022;04.06.2025;Ищет работу удалённо.;;Принят;;АО «Север»;Аналитик;;;;;;;;;;;;;;;;;;;;;;;;Ростов-на-Дону;;Восточный;;161-931-392 40;;Ж;False;;;;;;;;;;;;;;;;;;;;;;;;Нужна проверка документов.;Telegram-канал;;;;;;Повторная заявка.;Михайловаа;;;Маркетинг;;;
03.12.2025;Филиппов;Павел;Николаевич;;18.02.2004;True;;+7-911-769-41-83;+7-936-884-98-61;;4435 949159;"ОВД района Северный; 2018-07-14";пфилиппов.23@example.com;;КФУ;Государственное управление;бакалавриат;True;;;;;;;;;ПАО «ГородБанк»;Отдел продаж;Юрист;ГПХ;15.08.2023;;;;Отказ;;;;;;;;ГБУ «Центр услуг»;Специалист;;;;;;;;;;;;;;;;;;Краснодар;;Ленинский;;499-671-048 12;;М;False;;;;;;;;;;;;;;;;;;;;;;;;Интерес к карьерному росту.;Яндекс.Поиcк;;;;;;Были собеседования в прошлом году.;Филиппов;;;Проектный менеджмент;;;
15.03.2025;Кириллова;Анна;Алексеевна;;06.11.2005;True;;+7-915-640-85-40;;;6157 137063;"ОВД района Приморский; 2019-12-17";акириллова.24@example.com;;СФУ;Экономика;магистратура;True;;;;;;;;;ООО «ТехЛайн»;Служба поддержки;Специалист;ГПХ;28.01.2024;;Готов к переезду.;;На рассмотрении;;ИП Соколов;HR-специалист;;;;;;;;;;;;;;;;;;;;;;;;Пермь;;Советский;;116-180-933 88;;Ж;False;;;;;;;;;;;;;;;;;;;;;;;;Нужна проверка документов.;Сайт компании;;;;;;Ранее подавал(а) в 2023.;;акириллова.224@example.com;;Маркетинг;;;
18.03.2025;Андреев;Алексей;Николаевич;;10.10.1994;False;;+7-918-149-23-66;;;3643 318489;"ОВД района Восточный; 2020-08-26";аандреев.25@example.com;;МГУ;Лингвистика;магистратура;True;;;;;;;;;АО «ИнфоСистемы»;Служба поддержки;Аналитик;ГПХ;19.04.2021;;;;На рассмотрении;;;;;;;;ООО «ТехЛайн»;Менеджер;;;;;;;;;;;;;;;;;;Нижний Новгород;;Октябрьский;;031-034-257 40;;М;True;;;;;;;;;;;;;;;;;;;;;;;;Уточнить график.;Реклама в метро;;;;;;;;аандреев.225@example.com;;Проектный менеджмент;;;
21.03.2025;Семенова;Екатерина;Владимировна;;28.02.1995;True;;+7-944-254-22-37;+7-970-179-44-63;;1004 711897;"ОВД района Советский; 2021-09-03";есеменова.26@example.com;;НГУ;Финансы и кредит;специалитет;True;КФУ;Менеджмент;специалитет;True;;;;;ООО «Альфа»;ИТ-отдел;Менеджер;ГПХ;26.02.2022;;Ищет работу удалённо.;;Принят;;;;;;;;;;;;;;;;;;;;;;;;;;;Пермь;;Восточный;;539-974-094 31;;Ж;False;False;;;;;;;;;;;;;;;;;;;;;;;Ожидает обратную связь по офферу.;Рекомендация знакомых;;;;;;Ранее подавал(а) в 2023.;Семеноваа;;;Аналитика данных;;;
24.03.2025;Захаров;Евгений;Петрович;;03.07.1996;True;;+7-990-251-66-12;;+7-912-317-26-55;9364 119711;"ОВД района Октябрьский; 2022-05-10";езахаров.27@example.com;;УрФУ;Юриспруденция;специалитет;True;;;;;;;;;АО «Север»;ИТ-отдел;Инженер;трудовой договор;25.11.2023;05.10.2024;;;Отказ;;ИП Соколов;Инженер;;;;;;;;;;;;;;;;;;;;;;;;Пермь;;Кировский;;074-465-805 68;;М;False;;;;;;;;;;;;;;;;;;;;;;;;;Telegram-канал;;;;;;Ранее подавал(а) в 2023.;;;;Маркетинг;;;
27.03.2025;Виноградова;Дарья;Дмитриевна;;12.09.1997;False;;+7-959-257-35-91;+7-921-524-96-51;;9900 933925;"ОВД района Ленинский; 2023-12-28";двиноградова.28@example.com;;МГУ;Математика;бакалавриат;True;;;;;;;;;ПАО «ГородБанк»;Отдел аналитики;Специалист;ГПХ;08.09.2024;01.01.2025;Готов к переезду.;;В работе;;АО «ИнфоСистемы»;HR-специалист;;;;;;;;;;;;;;;;;;;;;;;;Краснодар;;Советский;;068-765-694 94;;Ж;False;;;;;;;;;;;;;;;;;;;;;;;;Нужна проверка документов.;Яндекс.Поиcк;;;;;;Были собеседования в прошлом году.;Виноградоваа;двиноградова.228@example.com;;Документооборот;;;
30.03.2025;Борисов;Николай;Сергеевич;;16.12.1998;True;;+7-910-538-27-90;+7-948-668-35-76;;2176 563079;"ОВД района Южный; 2017-06-24";нборисов.29@example.com;нборисов.129@example.com;КФУ;Экономика;специалитет;True;;;;;;;;;ООО «МаркетПро»;Отдел аналитики;Инженер;трудовой договор;14.08.2021;;;;В работе;;ПАО «ГородБанк»;Специалист;;;;;ООО «ТехЛайн»;Оператор;;;;;ООО «ТехЛайн»;Аналитик;;;;;;;;;;;;Москва;;Восточный;;440-455-611 84;;М;False;;;;;;;;;;;;;;;;;;;;;;;;Интерес к карьерному росту.;HeadHunter;;;;;;Ранее подавал(а) в 2023.;Борисов;нборисов.229@example.com;;Обучение и развитие;;;
04.02.2025;Алексеева;Юлия;Алексеевна;;01.11.1999;False;;+7-944-699-88-28;;;6934 509406;"ОВД района Советский; 2018-06-01";юалексеева.30@example.com;;ИТМО;Математика;специалитет;True;УрФУ;Прикладная информатика;магистратура;True;МФТИ;Психология;магистратура;True;ООО «ТехЛайн»;HR-служба;Аналитик;трудовой договор;20.02.2022;22.09.2025;;;Принят;;;;;;;;АО «ИнфоСистемы»;Юрист;;;;;;;;;;;;;;;;;;Краснодар;;Ленинский;;624-766-331 47;;Ж;False;False;False;;;;;;;;;;;;;;;;;;;;;;Уточнить график.;Карьерный центр;;;;;;Ранее подавал(а) в 2023.;;;;Финансы;;;
04.05.2025;Назаров;Дмитрий;Иванович;;01.11.2000;False;;+7-945-648-93-92;;+7-952-343-21-90;5132 119259;"ОВД района Центральный; 2019-01-20";дназаров.31@example.com;;ИТМО;Государственное управление;бакалавриат;True;;;;;;;;;ООО «ТехЛайн»;Служба поддержки;Оператор;срочный трудовой договор;22.09.2023;28.09.2024;;;На рассмотрении;;;;;;;;;;;;;;;;;;;;;;;;;;;Краснодар;;Кировский;;084-286-500 57;;М;False;;;;;;;;;;;;;;;;;;;;;;;;Ожидает обратную связь по офферу.;ВКонтакте;;;;;;Были собеседования в прошлом году.;Назаров;;;Маркетинг;;;
04.08.2025;Гусева;Мария;Алексеевна;;03.05.2001;True;;+7-932-680-96-25;+7-950-373-96-25;;3870 347869;"ОВД района Кировский; 2020-03-24";мгусева.32@example.com;;РАНХиГС;Экономика;бакалавриат;True;МФТИ;Финансы и кредит;специалитет;True;;;;;ООО «МаркетПро»;Отдел аналитики;Оператор;срочный трудовой договор;01.02.2024;;Ищет работу удалённо.;;Новый;;ИП Соколов;Аналитик;;;;;;;;;;;;;;;;;;;;;;;;Новосибирск;;Ленинский;;068-316-322 43;;Ж;False;False;;;;;;;;;;;;;;;;;;;;;;;Уточнить график.;Telegram-канал;;;;;;Ранее подавал(а) в 2023.;;;;Юридическая практика;;;
04.11.2025;Комаров;Сергей;Дмитриевич;;22.01.2002;False;;+7-931-123-34-56;;;5710 566920;"ОВД района Северный; 2021-10-24";скомаров.33@example.com;скомаров.133@example.com;УрФУ;Математика;специалитет;True;;;;;;;;;ГБУ «Центр услуг»;Служба поддержки;Менеджер;срочный трудовой договор;07.02.2021;;Рассматривает частичную занятость.;;Новый;;;;;;;;;;;;;;ГБУ «Центр услуг»;Инженер;;;;;;;;;;;;Екатеринбург;;Октябрьский;;331-465-355 34;;М;False;;;;;;;;;;;;;;;;;;;;;;;;Ожидает обратную связь по офферу.;HeadHunter;;;;;;Повторная заявка.;;скомаров.233@example.com;;Маркетинг;;;
14.04.2025;Лебедева;Мария;Олеговна;;05.02.2003;False;;+7-939-439-62-96;;;3826 913770;"ОВД района Северный; 2022-10-06";млебедева.34@example.com;;РАНХиГС;Экономика;магистратура;True;НГУ;Экономика;бакалавриат;True;;;;;ГБУ «Центр услуг»;HR-служба;Юрист;срочный трудовой договор;04.05.2022;02.01.2025;Готов к переезду.;;Новый;;ООО «Альфа»;Оператор;;;;;;;;;;;;;;;;;;;;;;;;Ростов-на-Дону;;Октябрьский;;544-070-346 41;;Ж;True;False;;;;;;;;;;;;;;;;;;;;;;;Нужна проверка документов.;Рекомендация знакомых;;;;;;Были собеседования в прошлом году.;;;;Проектный менеджмент;;;
17.04.2025;Орехов;Антон;Михайлович;;01.11.2004;False;;+7-978-780-53-53;;;6122 917870;"ОВД района Приморский; 2023-07-25";аорехов.35@example.com;;ИТМО;Психология;бакалавриат;True;МГУ;Экономика;магистратура;True;НИУ ВШЭ;Юриспруденция;специалитет;True;ООО «Альфа»;ИТ-отдел;Юрист;ГПХ;10.10.2023;06.09.2024;Готов выйти в течение 2 недель.;;В работе;;ПАО «ГородБанк»;Аналитик;;;;;;;;;;;;;;;;;;;;;;;;Москва;;Центральный;;786-202-915 40;;М;False;False;False;;;;;;;;;;;;;;;;;;;;;;Уточнить график.;ВКонтакте;;;;;;;;;;Проектный менеджмент;;;
20.04.2025;Климова;Елена;Владимировна;;15.11.2005;False;;+7-961-145-78-45;+7-999-430-12-71;;2679 574449;"ОВД района Приморский; 2017-01-02";еклимова.36@example.com;;МФТИ;Маркетинг;бакалавриат;True;;;;;;;;;ООО «Альфа»;ИТ-отдел;Оператор;срочный трудовой договор;22.11.2024;;Рассматривает частичную занятость.;;Принят;;ООО «МаркетПро»;Менеджер;;;;;;;;;;;;;;;;;;;;;;;;Санкт-Петербург;;Северный;;882-571-041 60;;Ж;False;;;;;;;;;;;;;;;;;;;;;;;;;ВКонтакте;;;;;;;;;;Клиентский сервис;;;
23.04.2025;Киселёв;Николай;Сергеевич;;18.06.1994;True;;+7-970-865-59-63;;;4549 217095;"ОВД района Приморский; 2018-06-21";нкиселeв.37@example.com;нкиселeв.137@example.com;КФУ;Финансы и кредит;бакалавриат;True;;;;;;;;;АО «ИнфоСистемы»;ИТ-отдел;Менеджер;трудовой договор;11.08.2021;15.02.2024;Готов выйти в течение 2 недель.;;Принят;;АО «Север»;Инженер;;;;;;;;;;;;;;;;;;;;;;;;Новосибирск;;Октябрьский;;435-509-899 13;;М;False;;;;;;;;;;;;;;;;;;;;;;;;Уточнить график.;Telegram-канал;;;;;;Были собеседования в прошлом году.;Киселёв;нкиселeв.237@example.com;;Маркетинг;;;
26.04.2025;Романова;Ирина;Дмитриевна;;05.11.1995;True;;+7-985-857-10-59;+7-971-270-26-14;;7279 788412;"ОВД района Западный; 2019-09-06";ироманова.38@example.com;;КФУ;Юриспруденция;специалитет;True;;;;;;;;;ПАО «ГородБанк»;Юридический отдел;Юрист;срочный трудовой договор;23.03.2022;25.05.2025;Готов к переезду.;;На рассмотрении;;;;;;;;АО «Север»;Юрист;;;;;;;;;;;;;;;;;;Краснодар;;Восточный;;415-116-580 47;;Ж;False;;;;;;;;;;;;;;;;;;;;;;;;Нужна проверка документов.;ВКонтакте;;;;;;;;ироманова.238@example.com;;Проектный менеджмент;;;
29.04.2025;Баранов;Антон;Владимирович;;11.06.1996;False;;+7-960-619-14-27;;+7-914-160-74-80;5191 834704;"ОВД района Октябрьский; 2020-07-28";абаранов.39@example.com;абаранов.139@example.com;РАНХиГС;Юриспруденция;магистратура;True;;;;;;;;;ГБУ «Центр услуг»;Финансовый отдел;Инженер;ГПХ;09.07.2023;15.02.2024;Рассматривает частичную занятость.;;Отказ;;ООО «МаркетПро»;Юрист;;;;;;;;;;;;;;;;;;;;;;;;Краснодар;;Западный;;496-549-205 88;;М;False;;;;;;;;;;;;;;;;;;;;;;;;;HeadHunter;;;;;;Ранее подавал(а) в 2023.;Баранов;;;Обучение и развитие;;;
05.02.2025;Котова;Екатерина;Алексеевна;;06.10.1997;True;;+7-947-904-87-82;+7-972-473-17-28;;6015 821971;"ОВД района Ленинский; 2021-07-20";екотова.40@example.com;;СФУ;Финансы и кредит;специалитет;True;;;;;;;;;ПАО «ГородБанк»;Отдел продаж;Специалист;ГПХ;02.11.2024;;;;На рассмотрении;;ООО «Альфа»;Юрист;;;;;;;;;;;ИП Соколов;Инженер;;;;;;;;;;;;Ростов-на-Дону;;Центральный;;520-029-267 30;;Ж;False;;;;;;;;;;;;;;;;;;;;;;;;;ВКонтакте;;;;;;Ранее подавал(а) в 2023.;;;;Маркетинг;;;
02.02.2025;Айти1;Роман;Сергеевич;;18.01.1994;True;;+7-999-100-001;;;4510 123451;"ОВД г. Москвы; 2019-06-15";it1@example.com;;МФТИ;Прикладная информатика;магистратура;True;МФТИ;Информатика и вычислительная техника;бакалавриат;True;;;;;ООО «ИнфоСистемы»;ИТ-отдел;Backend-разработчик;трудовой договор;09.01.2023;;;;В работе;;;;;;;;;;;;;;;;;;;;;;;;;;;Москва;;Центральный;;999-881-771 01;;М;False;;;;;;;;;;;;;;;;;;;;;;;;;HeadHunter;;;;;;;;;;Аналитика данных;;;
02.03.2025;Айти2;Игорь;Дмитриевич;;20.05.1994;True;;+7-999-100-002;;;4520 123452;"ОВД г. Москвы; 2019-06-15";it2@example.com;;МФТИ;Прикладная информатика;магистратура;True;МФТИ;Информатика и вычислительная техника;бакалавриат;True;;;;;ООО «ИнфоСистемы»;ИТ-отдел;DevOps-инженер;трудовой договор;09.01.2023;;;;В работе;;;;;;;;;;;;;;;;;;;;;;;;;;;Москва;;Центральный;;999-882-772 02;;М;False;;;;;;;;;;;;;;;;;;;;;;;;;HeadHunter;;;;;;;;;;Аналитика данных;;;
02.04.2025;Айти3;Игорь;Алексеевич;;02.07.1994;True;;+7-999-100-003;;;4530 123453;"ОВД г. Москвы; 2019-06-15";it3@example.com;;МФТИ;Прикладная информатика;магистратура;True;МФТИ;Информатика и вычислительная техника;бакалавриат;True;;;;;ООО «ИнфоСистемы»;ИТ-отдел;Data Engineer;трудовой договор;09.01.2023;;;;В работе;;;;;;;;;;;;;;;;;;;;;;;;;;;Москва;;Центральный;;999-883-773 03;;М;False;;;;;;;;;;;;;;;;;;;;;;;;;HeadHunter;;;;;;;;;;Аналитика данных;;;
02.05.2025;Айти4;Игорь;Сергеевич;;24.04.1994;True;;+7-999-100-004;;;4540 123454;"ОВД г. Москвы; 2019-06-15";it4@example.com;;МФТИ;Прикладная информатика;магистратура;True;МФТИ;Информатика и вычислительная техника;бакалавриат;True;;;;;ООО «ИнфоСистемы»;ИТ-отдел;Системный аналитик;трудовой договор;09.01.2023;;;;В работе;;;;;;;;;;;;;;;;;;;;;;;;;;;Москва;;Центральный;;999-884-774 04;;М;False;;;;;;;;;;;;;;;;;;;;;;;;;HeadHunter;;;;;;;;;;Аналитика данных;;;
03.01.2025;Сергеев;Олег;Игоревич;;04.07.1993;True;;+7-946-324-37-44;;;7759 763266;"ОВД РФ; 2020-05-20";осергеев.45@example.com;;ИТМО;Экономика;магистратура;True;;;;;;;;;ООО «ТехСофт»;Продуктовая команда;QA-инженер;трудовой договор;02.01.2024;;;;Новый;;;;;;;;;;;;;;;;;;;;;;;;;;;Самара;;Советский;;522-636-279 01;;М;False;;;;;;;;;;;;;;;;;;;;;;;;;HeadHunter;;;;;;;;;;Тестирование;;;
03.02.2025;Крылов;Вероника;Константиновна;;19.01.1994;True;;+7-974-893-83-68;;;8722 350845;"ОВД РФ; 2020-05-20";вкрылов.46@example.com;;НИУ ВШЭ;Экономика;магистратура;True;;;;;;;;;АО «Диджитал»;ИТ-отдел;Frontend-разработчик;трудовой договор;02.01.2024;;;;Новый;;;;;;;;;;;;;;;;;;;;;;;;;;;Самара;;Советский;;964-811-532 52;;Ж;False;;;;;;;;;;;;;;;;;;;;;;;;;HeadHunter;;;;;;;;;;Бизнес-анализ;;;
03.03.2025;Мельникова;Иван;Денисович;;27.04.1995;True;;+7-972-832-50-79;;;4229 574731;"ОВД РФ; 2020-05-20";имельникова.47@example.com;;СПбГУ;Информационные системы;бакалавриат;True;;;;;;;;;ООО «ДатаЛаб»;Отдел аналитики;Frontend-разработчик;трудовой договор;02.01.2024;;;;Новый;;;;;;;;;;;;;;;;;;;;;;;;;;;Санкт-Петербург;;Ленинский;;285-412-769 67;;М;False;;;;;;;;;;;;;;;;;;;;;;;;;HeadHunter;;;;;;;;;;Тестирование;;;
03.04.2025;Фомин;Алёна;Романовна;;09.05.1996;True;;+7-928-814-89-72;;;3639 364067;"ОВД РФ; 2020-05-20";афомин.48@example.com;;ИТМО;Экономика;бакалавриат;True;;;;;;;;;АО «Диджитал»;Отдел аналитики;Frontend-разработчик;трудовой договор;02.01.2024;;;;Новый;;;;;;;;;;;;;;;;;;;;;;;;;;;Санкт-Петербург;;Ленинский;;612-728-655 56;;Ж;False;;;;;;;;;;;;;;;;;;;;;;;;;Telegram-канал;;;;;;;;;;Бизнес-анализ;;;
03.05.2025;Белов;Михаил;Денисович;;19.04.1997;True;;+7-923-644-15-42;;;8484 692939;"ОВД РФ; 2020-05-20";мбелов.49@example.com;;СПбГУ;Менеджмент;магистратура;True;;;;;;;;;ООО «ДатаЛаб»;Отдел аналитики;Frontend-разработчик;трудовой договор;02.01.2024;;;;Новый;;;;;;;;;;;;;;;;;;;;;;;;;;;Москва;;Октябрьский;;695-320-385 86;;М;False;;;;;;;;;;;;;;;;;;;;;;;;;Рекомендация знакомых;;;;;;;;;;Тестирование;;;
03.06.2025;Фомин;Алёна;Валерьевна;;22.02.1998;True;;+7-944-724-33-69;;;1588 325090;"ОВД РФ; 2020-05-20";афомин.50@example.com;;ИТМО;Менеджмент;магистратура;True;;;;;;;;;ООО «ДатаЛаб»;Отдел аналитики;Бизнес-аналитик;трудовой договор;02.01.2024;;;;Новый;;;;;;;;;;;;;;;;;;;;;;;;;;;Казань;;Центральный;;146-885-497 14;;Ж;False;;;;;;;;;;;;;;;;;;;;;;;;;HeadHunter;;;;;;;;;;Разработка ПО;;;
